image,low_high_sim,low_raw_sim,high_raw_sim
0,0.999937040292492,0.9929510052975979,0.9929677306022494
1,0.9999271632881762,0.9930188658612468,0.9930260729228189
2,0.9999289551157594,0.9934687714662771,0.9934601320849106
3,0.999930464165506,0.993219800584617,0.993183292565041
4,0.99993674393494,0.9931657331330634,0.9931385910497327
5,0.9999264347823725,0.9929827735339956,0.9929766822371797
6,0.9999221961235445,0.9932649711568308,0.993225259821028
7,0.9999119796093731,0.992847744001287,0.9928056745960983
8,0.9999061879376407,0.9922205947770601,0.9921965706945776
9,0.9999222331538413,0.9929705996036616,0.9929558090537709
0,0.9999260324473478,0.993253752473732,0.9932219724122399
1,0.9999060839561722,0.9929437483947698,0.9929243171040064
2,0.9999273134388269,0.9933738122952341,0.9933665799044842
3,0.9999301706157804,0.9934150297507576,0.9933934712699444
4,0.9999160580324062,0.9929461323737733,0.9929635766532643
5,0.9999014260017196,0.9929608480220911,0.9929600476453371
6,0.9999181352813283,0.9931278631922588,0.993126964501817
7,0.9999322513330481,0.9929833875832628,0.9929512712648673
8,0.999919331412955,0.9929580484382539,0.9929598914298507
9,0.9999314880406659,0.9931132453482842,0.9930878841428518
10,0.9999044196833348,0.9925800324542752,0.9926057630517521
11,0.9999108338332541,0.9929368033358155,0.992896135323707
12,0.9999357942800716,0.9930281634510236,0.9930003927178074
13,0.9999111727265636,0.9930711254990171,0.9930763307480903
14,0.9999307051111055,0.9931330261470886,0.9930940589108603
15,0.999907590968384,0.9927042249536034,0.9927267731039472
16,0.9999229103750694,0.9932563628368712,0.9932301060678996
17,0.9999328151122459,0.9930690327478394,0.9930610513986246
18,0.999919039295271,0.9932245743357861,0.9932303528532378
19,0.9998551608468815,0.9920184806822329,0.9921398905462231
20,0.9999241051430583,0.9933209732960603,0.9933236880123072
21,0.9999255251717784,0.9932751059162899,0.9933121173643547
22,0.9999282758625444,0.9933159984896829,0.9932885222341264
23,0.999919441075348,0.9930386028246223,0.9930344824257731
24,0.9998928529009482,0.9929440512579734,0.9929340288862081
25,0.9999351864392726,0.9929989004496231,0.9929927807541794
26,0.9999276711561593,0.9929664307846108,0.9929613765497206
27,0.9999005211033503,0.9930473574438347,0.9929570927397294
28,0.9999342478728627,0.9936091007285782,0.9935380783027864
29,0.9999242117194026,0.9931163095405247,0.9931275056255497
30,0.9998886494838006,0.9923463213255258,0.992265286424998
31,0.99982076295665,0.9872550991728615,0.9876152354859095
32,0.9999284987652738,0.993015545361291,0.9930174025959255
33,0.9998956611225075,0.9922437015536187,0.9922237135217091
34,0.9999167278883097,0.9930098817634129,0.9929444184007656
35,0.9999067118789775,0.9926666900050319,0.992585989196494
36,0.999929879981099,0.9928880750146004,0.9928739149946002
37,0.9998368812239037,0.992066600226073,0.9920752654720408
38,0.9999239987504915,0.9930078803973984,0.992998368016853
39,0.9999348831108469,0.9929423958144991,0.992926918016001
40,0.9999320394700262,0.9931255885408422,0.9931280528539331
41,0.9999405995028644,0.9928349897259968,0.992838270092706
42,0.9999129216157365,0.9928261166849306,0.9927533995670159
43,0.9999245378706647,0.9932089877876723,0.9931994420197683
44,0.9999060532691902,0.9928074358112758,0.992744441010252
45,0.9999131814379064,0.9929690895271241,0.9929420304157132
46,0.9998550353429907,0.9911550942173238,0.9911833334131864
47,0.9999248154111311,0.9932356613674316,0.9932318964518941
48,0.9999207624662876,0.9931065672470015,0.9930729277602417
49,0.9999354272759737,0.9931424995511545,0.9931379040567156
50,0.9999346888123463,0.9934290049659812,0.9934110978463758
51,0.99992436059969,0.9930938331596154,0.9930558327639165
52,0.9999272884785284,0.9930966818043274,0.9930525017408804
53,0.999925973571213,0.9933874975832733,0.9933626470128128
54,0.9998873296578035,0.9925841025857933,0.9924868863248326
55,0.9999079709534907,0.993055808415119,0.9930133623355142
56,0.9999062045480408,0.9932548850451897,0.9931878831972838
57,0.9999248687009135,0.993066863321617,0.9930256829514138
58,0.9997471417208674,0.9912596295267257,0.9911189781608221
59,0.9999349029971458,0.9929365349787933,0.9929247610636692
60,0.9999369102060779,0.9928324877250068,0.9928288645400819
61,0.9999282898983941,0.9932834864274849,0.9932567092985645
62,0.9999065125934936,0.9927576271437154,0.9926918506410546
63,0.999930262637961,0.9930915856120114,0.9930316280156121
64,0.9998281856563251,0.9908173807166799,0.9908632142650521
65,0.9998673291643668,0.9914300947427412,0.9913635347931786
66,0.9999154518348875,0.9930488607077051,0.9930291511418738
67,0.9999144262418835,0.9926375973265475,0.992652265750002
68,0.9999334744921345,0.99290638412328,0.9928867161043291
69,0.9999044698043439,0.9930060437564914,0.9929514356488232
70,0.9999302085955895,0.9930140630575442,0.993012544937978
71,0.9999159182701672,0.993127243079417,0.9931319308609549
72,0.9999302302873272,0.9927962006500607,0.9928347223379657
73,0.9998888763228031,0.9927525122587022,0.9926987013705779
74,0.9999188084267506,0.9926602313158958,0.9926560318032087
75,0.9999373438386772,0.9932356097237989,0.9931922125503649
76,0.9999064081264972,0.9927401033633737,0.9926616782079639
77,0.9999247704458415,0.9931089468593365,0.9930723651585487
78,0.9998987313010993,0.9924561511387405,0.9923631421149811
79,0.9999242577916234,0.9931841000320896,0.9931595567736345
80,0.9998732029984942,0.9914531666205788,0.9914288183969334
81,0.9997370534848126,0.9893762528650726,0.9893500209746464
82,0.9999037114468886,0.9925592093562621,0.9925150752165569
83,0.9999145073404093,0.9929657189700944,0.9929763563628357
84,0.9999325442281375,0.9930843519255735,0.993043873527606
85,0.9998977667433566,0.9928727074570574,0.9928589482650176
86,0.9999095376209484,0.9931675972770564,0.9931526714936103
87,0.9999281860477801,0.9931968228617746,0.9932028423267574
88,0.9999318570046071,0.9932475829697387,0.9932564002135329
89,0.999924808215209,0.9934087366729011,0.993378995109961
90,0.9998893373852888,0.993028138544217,0.99292742961676
91,0.9999123264185352,0.9929493779850147,0.9929481955163078
92,0.9999178707421098,0.9932994525511362,0.9932655405040963
93,0.9999337598507239,0.99311203294051,0.9931270034677758
94,0.9998938067220728,0.9928518335107721,0.992732036288163
95,0.9998740304136188,0.9891998241456518,0.9891022626719791
96,0.9999254670282448,0.993066496893397,0.9930462716688696
97,0.9998878362313153,0.9909801204149481,0.9909833845226381
98,0.9999168099871552,0.993001884859555,0.9929536193605087
99,0.9999044907204436,0.99257734961582,0.9925206052536945
100,0.9999255951928061,0.9929077193273697,0.9928990698136974
101,0.9999191389604296,0.9932366651518639,0.9932245632834878
102,0.9998771074945043,0.9886804315509959,0.9887737104520624
103,0.9999355120972989,0.992798080025939,0.9927844400384274
104,0.9998980328222833,0.9930327196789281,0.9929373613502158
105,0.9998942631825706,0.9923506608649193,0.992329607299521
106,0.999928130759964,0.9934771960518158,0.9934168798485502
107,0.9999184400019646,0.9929766323400652,0.9929361452967367
108,0.9999281662240609,0.9930942863236115,0.9930226398068066
109,0.9999143274026495,0.9926839945886546,0.9926695422597079
110,0.9999248495689764,0.9932462033403846,0.9932598466829113
111,0.9999299393177417,0.9930054709570338,0.9929772812472764
112,0.9999203139660624,0.9929592741508491,0.9929853573850281
113,0.9999323867233038,0.993377150827589,0.9933774764654764
114,0.9999256040008256,0.9934838878440648,0.9934535317934349
115,0.9999278246704424,0.9930065918690538,0.9930276547029202
116,0.9998788895673825,0.9913514837232105,0.9913018574718901
117,0.9999263131340971,0.992943988446919,0.992914640636906
118,0.9999235639997264,0.9928326953475464,0.9928015604672988
119,0.9998975639326652,0.9930037063282968,0.9929454463662741
120,0.999932151654948,0.9931633794035625,0.993178250295513
121,0.9999260077955169,0.9929194391969162,0.9929214864800128
122,0.9999171385505147,0.9930625320757216,0.9930745851052734
123,0.9999220930653386,0.9930120425012315,0.9929970851450962
124,0.9999233554365757,0.9930886646598106,0.9930629910478347
125,0.9999266909536476,0.9931528994337502,0.9931230022621256
126,0.9999342514316777,0.9930733460523389,0.9930825629123832
127,0.9999358843010064,0.9929309173484462,0.9929210682050771
128,0.9999369438561709,0.9928525263569628,0.9928198968532205
129,0.999922008580912,0.9933028256602434,0.9932832437308177
130,0.999923365429165,0.9932287160853067,0.9932642912053491
131,0.9999044831304051,0.9926739917953068,0.9926632318317128
132,0.9999324527766202,0.9930380697176427,0.9930171457341226
133,0.9999218178281346,0.993156020216588,0.9931409212666158
134,0.9999342439816753,0.9928805058961846,0.9928733755056738
135,0.9999349814163601,0.9930218142031426,0.9929912823092863
136,0.9999272670114213,0.9934269988638597,0.9934076242813896
137,0.9999086189330803,0.992988433493767,0.9929627009549562
138,0.9999257444369476,0.9932222015120153,0.9932170497798379
139,0.9998412797551448,0.992330712205486,0.9923226905124878
140,0.999896445078343,0.9928151443695984,0.9927370286439937
141,0.9999045784253399,0.9922626570058165,0.9922471824088593
142,0.9999169759437168,0.9923803670725105,0.9923761410205015
143,0.9998911236450194,0.9926165326243138,0.9925266872958495
144,0.9999210513976511,0.993070414143297,0.9930079241217651
145,0.9999334196012879,0.9929568723835102,0.9929342014863434
146,0.9999341376195651,0.9928797848013329,0.9928875277421348
147,0.9999288089157793,0.9928552992867684,0.9928169099667872
148,0.9999227224667453,0.9926263620936536,0.9926044570398438
149,0.9999214112047549,0.9930357999332967,0.9930529494251537
150,0.9999260067677256,0.9930204206776506,0.9929883755082478
151,0.9999300705594177,0.9932431104228571,0.9932589042686605
152,0.9999077445483762,0.992462197245572,0.9924789838451216
153,0.99972495849599,0.9903331975074516,0.9905050889228677
154,0.9998551629785761,0.9892515842839597,0.9892368217725004
155,0.9999163698931588,0.9928668598533595,0.9928381153197618
156,0.9999432402723338,0.9929072935589213,0.9928967898986165
157,0.9999100944803455,0.9926885189148762,0.9926832126239473
158,0.9999294090331797,0.9932312155291022,0.9932080248816876
159,0.9999399572042742,0.9931524778747692,0.9931383220997158
160,0.999920212445959,0.9932914011495652,0.9932924988313616
161,0.9999249681083197,0.993171304130682,0.993136986598125
162,0.9999057829515479,0.9929918734146227,0.992909140716412
163,0.9999150091899589,0.9929329534324074,0.9929242303152945
164,0.9998667570666429,0.9905952861394766,0.9904559239338672
165,0.9998662346787303,0.9901402219905394,0.9900594565406412
166,0.9999298291717866,0.9929971761669939,0.9930074888296824
167,0.9999321147519816,0.9932314066479008,0.993217019566669
168,0.9999106530797919,0.9932962494587402,0.9932412976749457
169,0.9999299878983579,0.9929048776204544,0.9928978710277762
170,0.99991566851959,0.9930303442415594,0.9930305849662974
171,0.9999162518549229,0.9931853623973393,0.9931760932478786
172,0.9998512903739294,0.9903265428138451,0.9901360937196113
173,0.9999124825653268,0.9929832639357568,0.992925148334346
174,0.9999372199481358,0.993181504100979,0.9931576171554393
175,0.9999219377442361,0.9929855838145804,0.9929685643712586
176,0.9999007966684864,0.9928680502682117,0.9928251171433516
177,0.9999109467999118,0.9929799835712826,0.9929749774075849
178,0.9999091764561674,0.9931207888699984,0.9931312139684866
179,0.9999117180767311,0.9929552582522305,0.9928686591642788
180,0.9999314623631058,0.992799909062415,0.9927604743223095
181,0.9999195116155221,0.9929561956541121,0.9929199235644149
182,0.9999061121485356,0.9928993562812247,0.9929212341414502
183,0.9999217174224371,0.9927278426621872,0.9926963494554745
184,0.9999282280801977,0.9930854456360766,0.9930734094170317
185,0.9999237032014193,0.9932109994583213,0.993192909892006
186,0.9999159476668987,0.9929848741382179,0.9929619665914181
187,0.9999258696785825,0.9930213243003716,0.9929928532027147
188,0.9999247360897439,0.9929144272185588,0.9928673176001603
189,0.9999211275182622,0.9931985501704232,0.9931669340813594
190,0.9999114199199878,0.9927778596792808,0.9927593174881814
191,0.9999258453803547,0.9930823684098069,0.9930715236835385
192,0.9999340671807662,0.9932755292294937,0.9932731634823516
193,0.9999278025526125,0.9930267760694492,0.9930321616713852
194,0.999938091313254,0.992824632913952,0.9928324279925166
195,0.9999292224488597,0.9930701721907731,0.9930573112160138
196,0.9999333260302531,0.9932626064303184,0.993263241788845
197,0.9999261397718161,0.9932334600679921,0.9932007429912344
198,0.9999231806787284,0.9927769640096572,0.9927849680660767
199,0.9998956163261057,0.9929822109376056,0.9929298396382737
200,0.9999267867422402,0.9929336495461005,0.9929159604618114
201,0.9999117532379987,0.9928418974988221,0.9928097605317712
202,0.9999246472180829,0.9931190261542847,0.9931245645895598
203,0.9999253104152763,0.9931811814242453,0.9931623081747307
204,0.9999257559520298,0.9932327195754223,0.9932269084829185
205,0.9999170908287094,0.9928424737131061,0.9928092700746509
206,0.9999287686993018,0.9930721811921905,0.9930641406192584
207,0.9998119906987828,0.9924437302659731,0.9923323346306423
208,0.9999291353518549,0.9929579511422933,0.9929680872100108
209,0.9999290684714898,0.992914444519648,0.9928956988202605
210,0.9999274808531623,0.993401189167443,0.9933599400357478
211,0.9999250875448799,0.993157272114767,0.9931556051881938
212,0.9999249044687578,0.9932885845150504,0.9932466961516443
213,0.9999256720912594,0.9934178490720139,0.9934361857497952
214,0.9999276567329508,0.9931296319280188,0.9931377707931557
215,0.9999215698347972,0.9933378960993066,0.9932854844096313
216,0.9999199416806046,0.993135471071179,0.9930977324986571
217,0.9999285177546088,0.9929320580652542,0.992936973768766
218,0.9999187996667721,0.9932147763719381,0.9932348234519928
219,0.999897738440637,0.9932271131989758,0.9932283530613879
220,0.9999455609469756,0.9927936956664771,0.9927504237986553
221,0.9999270192716972,0.9928381879077622,0.9928349960898034
222,0.9999319536316288,0.9929476546676594,0.9929770828779261
223,0.9998507980038601,0.9914134183782388,0.9913314764753411
224,0.9999200406974731,0.9932514436448066,0.9932542725830145
225,0.9998797830984795,0.9908355715532304,0.9906805636362596
226,0.9999318860850798,0.9931260317999541,0.9930911792348448
227,0.9999235360116026,0.993070595993159,0.9930680823835746
228,0.9999033992025107,0.9925707186857148,0.9924946280555476
229,0.9999126312512194,0.9932242313398596,0.9932298012667345
230,0.9999119148597811,0.9935368898798667,0.9934755800801524
231,0.9999170951562861,0.9933032903058299,0.9932484511567616
232,0.9999364875063665,0.9928157780678689,0.9928040325870174
233,0.9999233812003117,0.992780363321491,0.9927576025259771
234,0.9998651761964717,0.9928327850109147,0.9926791261186642
235,0.9999319970028285,0.992915569804704,0.9929010100654773
236,0.9999264492373928,0.9923990875356398,0.9923655171741717
237,0.9998754669689589,0.9896270548739223,0.989659290680953
238,0.9998970724157308,0.9930162543501739,0.9929735534815287
239,0.9999313991484002,0.9929972501736439,0.993009029745019
240,0.9998776161486358,0.9928679434932856,0.9928340359790526
241,0.9999360326119825,0.9931616438798225,0.993154141831173
242,0.9999211509909203,0.992958885277845,0.9929820948050242
243,0.9999089122524292,0.992733615337034,0.9927308758963179
244,0.9999038860604716,0.9926202809366697,0.9925920836171658
245,0.9999229550828574,0.9931882746988379,0.993145077654248
246,0.9999290959329684,0.9933503892891419,0.9933505810979997
247,0.9999263459394845,0.9929559283156046,0.9929375780323291
248,0.9999277064155577,0.9932802339818723,0.9932636265858359
249,0.9999223593443661,0.992977131102797,0.9929654213132535
250,0.9999196813848804,0.9931708009097944,0.9931649064532995
251,0.9999055057378996,0.9925353750705607,0.9924859382654646
252,0.9999163791606649,0.9927997619607406,0.9927334945230895
253,0.9999245357824892,0.9931149652444313,0.9930786467253923
254,0.9998998730458737,0.9932179246891454,0.9931804120022176
255,0.9999054458174756,0.9928739761761077,0.9928125378448244
256,0.9999222537440228,0.9929727508429251,0.9929829663691658
257,0.999925556112042,0.9930865030705347,0.9930716542232794
258,0.9999034317964963,0.992694448578891,0.9926681054557537
259,0.9999068273503956,0.9929177232954866,0.992880245342083
260,0.9999286953717981,0.9929894118513434,0.9930146695848217
261,0.999923796620231,0.993336886820089,0.9933457648494703
262,0.9999324119511045,0.9929492988640222,0.9929605873218513
263,0.9999212631346482,0.9930908452271185,0.9930817045434224
264,0.9999071039767714,0.9932326011419239,0.9931983543441957
265,0.9998723295388184,0.9917016718188923,0.9915490742965698
266,0.9999274489966486,0.9930699149406964,0.9930607939590068
267,0.9999285255620315,0.9931351164291861,0.9931232892295211
268,0.9999233695568829,0.9931051285877821,0.9930580012450261
269,0.9998736672804514,0.9897868212961622,0.9897470619276593
270,0.9999410373207599,0.9931463721761826,0.9931157441622798
271,0.9999193661944045,0.9931517953098625,0.9931326387910159
272,0.9999363841060747,0.993158562525628,0.9931617587797362
273,0.9999201978225007,0.9930625764787911,0.9930824482481276
274,0.9999186348613082,0.9929476734778244,0.99291337942357
275,0.9999153906345769,0.9928139239693142,0.9928505623103391
276,0.9999345533303657,0.9928281599667991,0.9928013951785658
277,0.999893837132329,0.9915674633926362,0.9914310376662967
278,0.9999204808693772,0.9931259355715814,0.9931088928283734
279,0.9999271362195311,0.9929689706640171,0.9929435981047355
280,0.9999180131416743,0.9926574322966611,0.992630202175343
281,0.9999140383735633,0.9928739872720524,0.9928564354107482
282,0.9999318383928467,0.9930105647863264,0.9930181097670728
283,0.9999308909328971,0.9930687935699068,0.9930773613163387
284,0.999919176059065,0.993048579896343,0.993057195798356
285,0.9999402602077092,0.9930326627544208,0.993023511782382
286,0.9999219312019194,0.9930237048109807,0.9929976638509644
287,0.999890435770742,0.9928521329786307,0.9927412274751288
288,0.9999166011680836,0.9931202915429147,0.9930624999649701
289,0.9999314283959112,0.9931076642376481,0.99310004600438
290,0.9999324173342605,0.9928481223496665,0.9928391714897828
291,0.999915041855872,0.9927453608653429,0.9927389272157201
292,0.9998967700602603,0.992998864093302,0.9929619370356219
293,0.9999279761979827,0.993298590090448,0.9933292247743551
294,0.999893551046181,0.9921088508557131,0.9919754126377083
295,0.9999187984097831,0.9927630424512989,0.9927976083109867
296,0.9999082745999122,0.9915502934745775,0.9915612623443772
297,0.9999071299367323,0.992830792195031,0.9927534620465959
298,0.9998984223162923,0.9928173315828802,0.9927505576575808
299,0.9999324347506529,0.992813330522156,0.9928012923920496
300,0.9999274444684478,0.9930280017151092,0.993020666679736
301,0.9999270296005112,0.9929582214741913,0.9929453764215423
302,0.9999178980482539,0.9929293988939019,0.9929493663090198
303,0.9999103002413895,0.9930415617550954,0.9930089465173193
304,0.9998673536460106,0.9930763466611525,0.9929692054902869
305,0.9999009721623143,0.9929779304020723,0.9928812993986592
306,0.9999095465954612,0.9923947541686116,0.9924247805784803
307,0.999934303704208,0.9931459412139498,0.9931228336587581
308,0.9999041975314749,0.9926517638048887,0.9926402106833414
309,0.9999222350618368,0.9931448961736401,0.9931294779815991
310,0.9999316254577459,0.9932531147094291,0.9932398526259457
311,0.9999216174724291,0.9933005322346538,0.9932877588714017
312,0.9999167657679199,0.9927867467997833,0.9927487363393563
313,0.9999239127075366,0.9931525806429321,0.9931539753701212
314,0.9999265601029635,0.9929501814203653,0.9929481018563333
315,0.9999283387530667,0.9931624325710796,0.9931411523505124
316,0.9999185656522115,0.9931129627316458,0.993114474711495
317,0.9999262915990482,0.9934029048271269,0.9933832935612321
318,0.9998612387007848,0.9918459941224183,0.9916976037659788
319,0.999930478716355,0.9923775345026953,0.99238575057425
320,0.9999277652074564,0.9928423663136295,0.9928629044902089
321,0.999902413583361,0.9926728450247628,0.9926427143833653
322,0.9999350746802325,0.9932200428800807,0.9932202239064409
323,0.9999338778205886,0.9933129438393102,0.9933029834515557
324,0.9999013255211125,0.9931924640983828,0.9931642202480965
325,0.9999143410370107,0.9931777564123515,0.993195524428574
326,0.9999177265062864,0.9930349748419395,0.992992669218237
327,0.9998771072155437,0.9913535150098317,0.9914959902255126
328,0.9999347549944894,0.9931773030835462,0.9931916162506537
329,0.9998955607389244,0.9927574738418916,0.9927093322294539
330,0.9999239921875988,0.9931562117646249,0.9931569051766521
331,0.9999275149305502,0.9930479426586979,0.9930545686287205
332,0.9999263005527596,0.9935140340592277,0.9935017170218648
333,0.9999053364618882,0.9911787815423827,0.9911997318006199
334,0.9999053119983121,0.9929767520330743,0.9929053451887665
335,0.999933615924358,0.9927671556530504,0.9927713555053952
336,0.9999440545671998,0.992711559634812,0.992706108070032
337,0.9999336744391837,0.9933246627219625,0.9933472800081329
338,0.9998946302288026,0.992040225036263,0.9920465342288748
339,0.9998917714077166,0.9922500141859614,0.9922760457116871
340,0.9999085682402774,0.9928342566422336,0.9927964325837662
341,0.9999318060560765,0.992964766184193,0.9929213912450087
342,0.9999246972782614,0.9931566256488994,0.9931493163174576
343,0.9999379058299089,0.9930087307377485,0.9929991516056929
344,0.999930323992144,0.9931025908127388,0.9930516745913589
345,0.9999011871070465,0.9923380898994671,0.9922617242498394
346,0.9999245244857197,0.9931460898425375,0.9931244495864708
347,0.9999238347712233,0.9929505379998386,0.9929327631107258
348,0.9999255357305264,0.9928504131011281,0.9928335658539135
349,0.9999215937278485,0.9930361534040042,0.9930505677123369
350,0.9999228855558213,0.9929626528293994,0.9929598796535826
351,0.999927237862756,0.9933129352198227,0.9933004073028499
352,0.9999104379775309,0.9930849635308195,0.9930636450135301
353,0.9999363598921361,0.9928724790680501,0.9928710780960261
354,0.9999331200544856,0.9930643781857281,0.9930651647890474
355,0.9999312105838286,0.9932780007006353,0.993261219546905
356,0.9999149117051612,0.9930742536989257,0.9930621129171066
357,0.9999313423716923,0.9929341350287247,0.9929240872027127
358,0.9999132729457358,0.9926882869278407,0.9926741020660729
359,0.9999321831763613,0.9929670775306157,0.9929347979562085
360,0.9998709267523491,0.9907589073993764,0.9907417760843188
361,0.9999252255265587,0.9930265293115709,0.9930352393653982
362,0.9999084710185695,0.9924213386638089,0.9923972031576401
363,0.9999030813484009,0.9925390921995803,0.992475016469029
364,0.9998984191367886,0.9928326025909139,0.9927939866866832
365,0.9999205470763659,0.9929436147642174,0.9929480622754098
366,0.9999273996882375,0.9931171222936492,0.9931237000482325
367,0.9999194237778222,0.9931521766349415,0.9931387004157122
368,0.9999164267301731,0.9926455119951759,0.9926210532838332
369,0.9999062926962022,0.9919192807024163,0.9919052815185471
370,0.9999258170827314,0.993055616303821,0.9930900227336467
371,0.9999293941270562,0.9932905413811938,0.9932792378884645
372,0.9998982206688811,0.9924059421446639,0.9922901493506263
373,0.9999137399590825,0.9924789742387298,0.9924207851168683
374,0.9999351277584708,0.9929548476665836,0.9929753452747672
375,0.9999303123852165,0.9933361068196861,0.9933243304666637
376,0.9999083084751452,0.9929162842143412,0.9928678354443441
377,0.9999314966202811,0.9929808357431658,0.9929719550687993
378,0.9999410505557053,0.9930839750106079,0.993057090231547
379,0.9999297358155307,0.9932694181784898,0.9932723581516393
380,0.9998933489630042,0.9929470614997044,0.9929086489053617
381,0.9998990319840357,0.9926436788040675,0.9926009599433642
382,0.9999332348103414,0.9929944105975814,0.9929772452229025
383,0.9998935011741493,0.9923444804259178,0.9922873426795054
384,0.9999005608643148,0.9928410978862988,0.9928238045205887
385,0.9999251030614204,0.9925036416304428,0.9924954049007911
386,0.9999225765814262,0.9932657207758289,0.993278456803007
387,0.9999094652835229,0.9933894516018781,0.9933129026363053
388,0.9999242288861433,0.9930416076157036,0.9930356666716128
389,0.9999052430554284,0.992917744248122,0.992874707661841
390,0.9999431075665508,0.9929293517013958,0.992908458889317
391,0.9999203393734903,0.9928958613487604,0.9928547032103789
392,0.9999285633879371,0.9932042131456996,0.9931740474962292
393,0.9999301876796461,0.9928532265437873,0.9928231126685025
394,0.9999159690163338,0.9932671611975898,0.9932284624010745
395,0.9999248661170909,0.9933002210386631,0.9933103053125103
396,0.9999326580558927,0.9933855949860594,0.9933884126312735
397,0.999917595579367,0.992937030665454,0.992947020308166
398,0.9999045928671467,0.9933561409739531,0.993284504748804
399,0.9999372835015529,0.9930765603157106,0.9930569433286109
400,0.9999291514892547,0.993172476782895,0.9931762051136916
401,0.9999362129937479,0.9932725849621362,0.9932672991563603
402,0.9999170067833235,0.9933313517433038,0.9932986735154301
403,0.9999030815012651,0.9927323712953035,0.9927358908653172
404,0.9999263482893708,0.9930851919107986,0.9930626075939148
405,0.9998948093525027,0.9931711438017887,0.9931507991265295
406,0.9999174499290246,0.9923685209177214,0.9923365573490339
407,0.9999316464787292,0.9929179653245391,0.9929249922624065
408,0.9999380270518409,0.9929740555009076,0.9929527970885872
409,0.9999257049361012,0.9928802128894685,0.9928583248746552
410,0.9999103500603536,0.9929940042828874,0.9930208854370325
411,0.9999251109375993,0.9927854224151234,0.9927549731687337
412,0.9999053861460394,0.9927765876968511,0.992720597645218
413,0.9999180358810282,0.9923904042758567,0.9923906379869185
414,0.9998853347757353,0.992417386214044,0.9922995209289249
415,0.9999297801583258,0.9929343538836551,0.9929380896375658
416,0.9999245830928177,0.9930002017802385,0.9929877866471082
417,0.9999247631668321,0.9930308327332792,0.9930475872412707
418,0.9999243759031217,0.993001580541077,0.9930148780397645
419,0.9999077301231099,0.9931179177198463,0.9931279282234237
420,0.9999203979859842,0.993178112905381,0.9931647200985657
421,0.9999319153734327,0.9929203392226097,0.99291120618906
422,0.9999401536918141,0.9929877636631892,0.9929775600589112
423,0.9999043450469266,0.9929899409138286,0.9929435414640603
424,0.9999131512977357,0.9930125396711984,0.9929881754010108
425,0.9999252824452011,0.9931794820756327,0.9931712741126486
426,0.9999192193257154,0.9929977830640361,0.9930035979686861
427,0.9999280157550081,0.992491696748743,0.9924265027517258
428,0.9998956629343216,0.9928153012567945,0.992806243881184
429,0.9999290177411216,0.9933656283772704,0.9933720540207718
430,0.9999314131139391,0.9930845058762827,0.9930928744051122
431,0.9999231388512441,0.9933540149080577,0.9933207899557609
432,0.9999042101303319,0.9924647954567292,0.992380103501367
433,0.9999272030524948,0.9927140181829069,0.9926921977619816
434,0.9999035524558468,0.9929093834319609,0.9928775554180082
435,0.9998716868491256,0.9892424847150357,0.9891942682829327
436,0.9999374279337246,0.9932489025824128,0.9932239176585078
437,0.9999366000195015,0.9931092477299059,0.9931343214935052
438,0.9998959906375764,0.9932381789871021,0.993126794861968
439,0.9999331040473799,0.993134537685914,0.9931000381544568
440,0.9999316135598565,0.9928603746360585,0.9928474980837954
441,0.9999262203842237,0.9928522329141453,0.9928127438838167
442,0.9998872745353565,0.9923630014703627,0.992320409859327
443,0.9999264714555358,0.993122393218298,0.9931085690574107
444,0.9999136332903427,0.9929537989675592,0.9929484049015379
445,0.9999200685354865,0.9932919873602761,0.9932587264759516
446,0.9999191174503164,0.993003267985047,0.9929999125185655
447,0.9999230287906724,0.9930294907863682,0.9930305889468009
448,0.9999093364479079,0.9930817257853437,0.9930555584213236
449,0.9999290516829006,0.9931071387425235,0.9930894662273883
450,0.9999031956254724,0.9919895674932672,0.9919321681936706
451,0.9999313204851936,0.9930347198613555,0.9930265913138232
452,0.9999322531788333,0.9934692127645007,0.9934568884754361
453,0.9999182458835415,0.992303577596953,0.992244001618808
454,0.9999207298651869,0.9930392494246453,0.9930637926697494
455,0.9999077778295568,0.9933996491223656,0.9933927335239832
456,0.9999256553037881,0.9930559446200797,0.9930661746197252
457,0.9999100019007758,0.9929769333958386,0.9929581035137415
458,0.999906110639226,0.9925441813691483,0.9925008562794432
459,0.9999077463714477,0.9926885699235007,0.9927199838960856
460,0.9999051711826193,0.9929715684634417,0.9929661418514704
461,0.9999064326892342,0.9929708857094899,0.9929655120059323
462,0.9999151837095294,0.9932015276556683,0.9932049008363614
463,0.9999322526649727,0.9930777265887161,0.9930625309891564
464,0.999927342213586,0.9929571051839148,0.9929466651859088
465,0.9999182186238645,0.9927853084808022,0.9927344991800661
466,0.9999347025586126,0.9935047902818472,0.9934808357300425
467,0.9999078573691864,0.9926450222222336,0.9925818543278198
468,0.9998927424126103,0.9908901762876771,0.9908205164372087
469,0.9999205977948898,0.99322718068067,0.9932115008217833
470,0.9999252637004241,0.9931539566285016,0.9931714620527787
471,0.9999199120138036,0.992794029657635,0.9927489112737562
472,0.9999266859262915,0.993236727843649,0.9932220911912046
473,0.9999146466683982,0.9931146779112189,0.993102877279462
474,0.9999040279223679,0.9930970630446239,0.9930791407089377
475,0.9999355676220925,0.9930306818687411,0.9930365879780008
476,0.9999243911364413,0.9930867027363846,0.9931142313774542
477,0.9998966624634481,0.9918270977587103,0.9918004529041351
478,0.9999241615791162,0.9930554507623217,0.9930225960756195
479,0.9999008156152956,0.9929747607013396,0.9929275554232717
480,0.9999375961198198,0.9929786263721212,0.9929426210665444
481,0.999906578249294,0.99270088375257,0.9926507663472831
482,0.9999222165017342,0.9929622273922508,0.9929375281953097
483,0.9999156425724384,0.9931500229493356,0.9931130983163897
484,0.9999265695908661,0.9929303725024873,0.9929253584102867
485,0.9998941514129212,0.9924429749267794,0.992483598288373
486,0.9999277444893343,0.9930375610595146,0.9930173758138128
487,0.9999238161932343,0.9930057031587656,0.9929881314718595
488,0.9999009545122756,0.9927022712365852,0.9926782641041183
489,0.9999183782961565,0.9929789824491524,0.9929362498455483
490,0.999929323374702,0.9932612614014323,0.9932358561765962
491,0.9999183341932656,0.9930870944696003,0.9930857491316993
492,0.999906301725444,0.9927742729186613,0.9927339484548163
493,0.9999284697816668,0.9928092809347563,0.9928059672735703
494,0.9999148840693307,0.9924602352726561,0.9924023425712363
495,0.9999321788412864,0.9929085674238267,0.9929245009868785
496,0.9998652606735868,0.9914670205400473,0.9913697261898152
497,0.999876030795114,0.9887995476664314,0.98875323050376
498,0.9999204969837703,0.9930718178325879,0.9930550725401553
499,0.9999491677717274,0.9927254473149241,0.9927272953857067
500,0.9999179372132556,0.9931090593007538,0.993088948217728
501,0.9998954475212494,0.9925281466937985,0.9924411414055336
502,0.9999082472957411,0.9919193060485891,0.9918629592217396
503,0.999895489074631,0.9931050387933402,0.9930809822429972
504,0.9998961328066389,0.9930862981817989,0.9930486249802726
505,0.9999414077800671,0.9927393356993465,0.9927182244735299
506,0.999913447050371,0.9932754731731019,0.9932230410521348
507,0.999904402198338,0.9928914141760059,0.9928488311767629
508,0.9999274386711254,0.9934023709074931,0.993375982049642
509,0.9999240603289743,0.9933147755469084,0.9933224849543895
510,0.9999086217381559,0.9928782131830952,0.9928341633728989
511,0.9999385215016836,0.993116901343015,0.9931372460005061
512,0.9999090185137006,0.9922931932204097,0.9922599250680117
513,0.9999358972901856,0.9932154893296664,0.9931994520091864
514,0.9999111861574219,0.9932466217273228,0.9932302071239505
515,0.9999371730994536,0.9931332456344136,0.9931379505187733
516,0.9999185382287005,0.9930700339128895,0.9930383255665869
517,0.9998998560516523,0.9930786670384987,0.9929993102152865
518,0.9999244235321858,0.9923992579587564,0.9923719615055107
519,0.9999027027943103,0.9929583639536971,0.9929473954828164
520,0.9999305960324554,0.9929066700779487,0.9929205361474498
521,0.9998853470207905,0.9926879722965848,0.9927151852690176
522,0.9999127772648913,0.992996016460448,0.9929301243244796
523,0.9998923504894836,0.9925153916352496,0.9924656407340259
524,0.9998891824844491,0.9928844619215009,0.992861377321909
525,0.9999281864789777,0.9934762514183305,0.9934416396454842
526,0.9999242677320165,0.9931765907113658,0.993194659207244
527,0.9999200585099659,0.9930831722159555,0.9930915972636881
528,0.9999268815003403,0.9933009879566743,0.9932720627470921
529,0.9999326828754151,0.9933291153359061,0.9932798003416422
530,0.9999177175609745,0.9929051503782332,0.9928955030033292
531,0.9999203266306456,0.9934934864470251,0.9934286954973115
532,0.999916631146121,0.9933093952602104,0.9932802309819619
533,0.9998853646482663,0.9925987760326181,0.9925183901138894
534,0.9999310643904368,0.9928924698131727,0.9928931474600096
535,0.9999068932987019,0.9919722728318362,0.9919604824137056
536,0.9999273130200691,0.9932083074176334,0.9932196293619293
537,0.9999008062075811,0.9928338325206385,0.9927628582969619
538,0.9999225848517849,0.993492405174605,0.9934287157140009
539,0.999931879703433,0.9928897136075622,0.9928842320403874
540,0.9999294079815483,0.9930847464419941,0.9930577349726868
541,0.9999232999310176,0.9930390088316461,0.993025805142408
542,0.9999163241297045,0.9930917954994979,0.9931230368098842
543,0.9998544950580892,0.9920817124771848,0.9920519711202407
544,0.9998923641394806,0.9919433494097402,0.991903339348435
545,0.999932121389802,0.9930186385762789,0.9930064149932832
546,0.9999263629565385,0.9928429288861992,0.992824329537784
547,0.9999340742352482,0.9930471762580123,0.9930602534063511
548,0.9999072640707566,0.9929288114759978,0.9928714036651249
549,0.9998906931920688,0.991086411861703,0.9909970492132523
550,0.9999222394217128,0.9931192379195054,0.9930801158564401
551,0.9999225646122546,0.9930454139777292,0.9930205282416247
552,0.999918203723899,0.9931336447602803,0.9931325206525995
553,0.9999252410085537,0.9933113441528205,0.9933092475627929
554,0.9999002143691592,0.9929542259845312,0.9928562756288853
555,0.9999225762865587,0.9929036766248915,0.9928686078221892
556,0.999917555433967,0.9930034472849604,0.9929876194460356
557,0.9999086644689961,0.9926202724857631,0.9925396091121642
558,0.999928058841142,0.9929574625358053,0.9929447700529737
559,0.9999366794060717,0.9929774626112249,0.9929655070961884
560,0.9999274730122425,0.992914727486492,0.9928995219054123
561,0.9999140766944791,0.993100884503425,0.9930421952801548
562,0.9999215639280455,0.9930626548506043,0.9930485434164825
563,0.9999277814071088,0.9933096032221382,0.9933135024138215
564,0.9999018608856148,0.9912352303027694,0.9911337273040599
565,0.9999213821914642,0.9932967206757176,0.9932632412599087
566,0.999923129240854,0.9932773344543416,0.993273522709076
567,0.9999147253586057,0.992905520525809,0.9928811007398909
568,0.9998364928977361,0.9920040028309054,0.9919829579179454
569,0.9999414761210594,0.9927476555730224,0.9927471176050624
570,0.9999384487002324,0.9930047283781253,0.9929873425595583
571,0.9999214207546151,0.9930927788224532,0.9931017487316789
572,0.9999345415690795,0.9930119813421119,0.9930153675981305
573,0.9999328604926537,0.9929215468681102,0.9929090893017865
574,0.9999120513223428,0.992639264774746,0.9926007993179893
575,0.999898326380075,0.9924430228276839,0.9923777749400599
576,0.9999009392226589,0.9930118817690851,0.9929590333694635
577,0.9999213289458727,0.9930371077279928,0.9930330139785519
578,0.9999124013355152,0.993011153417117,0.9929530769089003
579,0.9999274339862582,0.9932118872335952,0.9931947087438063
580,0.999903913870915,0.9926627613182042,0.9925407473684816
581,0.9999194378663585,0.9930460591904275,0.993033664293895
582,0.999913322590818,0.9926314300195586,0.9926233467846011
583,0.9999210652978958,0.9929297365051271,0.9929046975365866
584,0.9999250865761905,0.9931389480585899,0.9931484637656597
585,0.99992467883431,0.9929674546744179,0.9929777734710736
586,0.9999253906197973,0.9930190665523644,0.9929818146340488
587,0.9999232334859475,0.9931048865759052,0.9931000343418964
588,0.9999246986684234,0.993187329037518,0.993181980434869
589,0.9999184760772616,0.9928892564021946,0.9928505827422757
590,0.9999340585625969,0.9931010458615921,0.9930528297334773
591,0.999901316714096,0.9932627487792411,0.9932255518180305
592,0.9999312071097167,0.9928258564393456,0.9928094815968973
593,0.9999298233662172,0.9932310730711421,0.9932169083573715
594,0.999911950719823,0.9928039233878588,0.9928075246704409
595,0.9999088510164731,0.9932983094268671,0.9932606832131062
596,0.9998987191396,0.9928293522162153,0.9927683861571385
597,0.9999272746431944,0.9930728444800387,0.993083612011905
598,0.9999324910608702,0.9929781082440239,0.992979393568582
599,0.999891588332869,0.9915283589311719,0.991430909962456
600,0.9999245866849975,0.9930192271489184,0.9930389039707251
601,0.9998980966156611,0.9924070414524503,0.9923078574452002
602,0.9998873247291582,0.9915889394553031,0.991619002617684
603,0.9999239565093895,0.9929958200301453,0.9929539309401202
604,0.9998953112943483,0.9922103791310345,0.9922274307173822
605,0.9999177539760327,0.9929550743762418,0.9929015133005364
606,0.9999137142115619,0.9931452601142496,0.9931494621471614
607,0.9999111349639533,0.9932866158085689,0.993316411305611
608,0.9999318677716104,0.9933492239405946,0.993336099038505
609,0.9999304236472906,0.9933290848374308,0.993328330931625
610,0.9999319060616846,0.9930501831470047,0.9930432891053814
611,0.9999136835700236,0.9929059773831704,0.9929218036538975
612,0.9999204126019252,0.9931062697050215,0.9931211994813587
613,0.9999201383768888,0.9931973270152477,0.9931974438412179
614,0.9999314300087346,0.9929741049722461,0.9929472779913429
615,0.9999110886247919,0.9928519547615198,0.992787709273224
616,0.9999253438098371,0.9934100151974693,0.9933680307650224
617,0.9999063597606987,0.9929952095072017,0.9929869589860024
618,0.9999193816466005,0.9930452177904273,0.9930524524425884
619,0.9998531067211982,0.9891766860472175,0.9892661527230767
620,0.9999119034799175,0.9926609831567645,0.9926323655353938
621,0.9999209834280385,0.9932054257020504,0.9931962999001687
622,0.9998892236871698,0.9926490624893731,0.9925537044044402
623,0.9998991038598473,0.9925309434414905,0.9924383052278551
624,0.9999381604588606,0.9928476179531649,0.9928257333634863
625,0.9999278690348633,0.9932244631037085,0.9932052401320957
626,0.9999193482756279,0.9929826245642365,0.9929466448269076
627,0.9999273459635378,0.9933581303152017,0.9933515285434261
628,0.9999264747959947,0.9931009309737444,0.9930425635751935
629,0.9999043232638308,0.9929850876434323,0.9929572208852666
630,0.9999126653948303,0.9929664801222527,0.9929220048669574
631,0.9999194105273589,0.9930490039642804,0.9930635070067639
632,0.9999317312592366,0.9930879722715005,0.9930863144880528
633,0.9999196054418867,0.9926772732792986,0.9925792742855595
634,0.9999041533525459,0.9921067987251518,0.9920604846844536
635,0.9999193367520868,0.9930449647179291,0.9930007836593251
636,0.9999226612395202,0.9931705865503307,0.9931752152530834
637,0.9999120233172121,0.9926869848226196,0.9926757630291829
638,0.9999353799240891,0.9933187400520679,0.9933282740037932
639,0.999909104276521,0.9930710657196249,0.9930513913003518
640,0.9999337719078786,0.9928780507219526,0.9928943093740541
641,0.9998756598997216,0.9923486442383646,0.9923533238753087
642,0.9998729033890384,0.9923437523126086,0.9923897823135741
643,0.9999276312621211,0.99308174739514,0.9930763949747062
644,0.9999118547614195,0.993185285650405,0.9931777579711502
645,0.9999175678201504,0.9923961424156705,0.9924233290626843
646,0.999941002431571,0.9928245771002876,0.9928019965936672
647,0.9999228243456324,0.992979721820678,0.9929469002578108
648,0.9999242999422598,0.9930225811462469,0.9930289880663398
649,0.9999363451231752,0.9931991099967862,0.9931702556762427
650,0.9999271050513525,0.9931185485354179,0.9930857329442653
651,0.9999174258405109,0.9932349761934615,0.9932125834890575
652,0.9999289190419993,0.9931830236488566,0.9931674729970359
653,0.9999307681228005,0.9932792465015908,0.9932810042433807
654,0.9999339045794488,0.9930440516611705,0.993028791383934
655,0.9999293047950295,0.9927499168381235,0.992753531488984
656,0.9999244741511708,0.9932303394396058,0.9932059298976395
657,0.9999354980578931,0.9928880584726439,0.9929002562479871
658,0.9999013470053547,0.9926878580675417,0.9926957870436678
659,0.9999127032723312,0.9927833662451299,0.9927758925929098
660,0.9999377523316028,0.9929032540576579,0.9928576730169034
661,0.9999300291930966,0.992977593359855,0.9929429384487096
662,0.9999168694175584,0.9930536340360814,0.9930098543035601
663,0.9998985294068715,0.9928835042753746,0.9927883111959249
664,0.9999344763325065,0.9931041683222946,0.9930937203509409
665,0.9998677299565701,0.9906793345090593,0.9906332539408096
666,0.9999354347034387,0.9934304416006041,0.993409414447984
667,0.9998878979462379,0.9928307423974132,0.9928000295781956
668,0.9999107786410758,0.9928815476505424,0.992875543693434
669,0.9999222234716914,0.9930089747904283,0.9930314200175474
670,0.9999388088209415,0.992783366846092,0.9927714277699863
671,0.9999049397763691,0.9930563736896962,0.9930418671401265
672,0.9999256224868623,0.9934299279837987,0.9934016341087609
673,0.9999310157343388,0.9932456210538576,0.9932357056502222
674,0.9999089485355601,0.9929635881076511,0.9929075677955433
675,0.999917085571899,0.9933067665548742,0.9932762106137473
676,0.999918550823345,0.993093783144639,0.9930960479215598
677,0.9999202143968591,0.992982352307182,0.9929634646580783
678,0.9998656636612028,0.9923263536872108,0.9922601008689144
679,0.9999148579231861,0.992282236078504,0.9922550960983312
680,0.9999303716534488,0.9932084409374485,0.9931733530440832
681,0.9999222334784709,0.9931613958964735,0.9931218615754475
682,0.9999225436734412,0.9930670193085871,0.993037188781648
683,0.9998799671264861,0.9921245623396536,0.9920636258562731
684,0.9998930459612735,0.9922817096099676,0.99215760584804
685,0.9998807338928356,0.9926129220069272,0.9925527230447622
686,0.9999249909771031,0.9933220110688248,0.9933080318413978
687,0.9999224136473273,0.9930925275670255,0.9930846307620981
688,0.9999163875851411,0.9928647151883496,0.9927968947173722
689,0.9998824758815805,0.9915208478519799,0.9915073541831099
690,0.9999191507490933,0.9930273512091785,0.9930438435698684
691,0.9998588745369353,0.9928856722088701,0.9928107291966715
692,0.999930427947675,0.9932376387475162,0.9932025780479213
693,0.9999178023614012,0.9929928010160566,0.9929625773284398
694,0.999922946960538,0.9932644713518133,0.9932728688943228
695,0.9999078684505003,0.9927885350240679,0.9927486539564554
696,0.9999223744902914,0.9928430821620038,0.9928401166124409
697,0.9999159322293635,0.9930403365315412,0.9930101060211609
698,0.9999115265777336,0.9928550395252213,0.9928481821867763
699,0.9999180590237752,0.9931887307192181,0.9931764123174779
700,0.9999226574913544,0.9922239156827891,0.9922383763838131
701,0.999906770506054,0.9927285294289355,0.9926721914549287
702,0.9999187307771713,0.9929936092185591,0.992999432013617
703,0.999924271075833,0.9927092663088893,0.9927316992086289
704,0.9999164309437938,0.9928958002946269,0.9929091669316672
705,0.9998771060598453,0.991933740784995,0.9918067579241052
706,0.9999239070650827,0.993150288486719,0.9931493713530892
707,0.9999255792902881,0.9930483520305174,0.9930186983079071
708,0.9998762599203038,0.9919741349003407,0.9918640935681785
709,0.9999025425113954,0.9923005636747693,0.992288692756647
710,0.9998836654783496,0.9923856010802552,0.9923447124857059
711,0.9999048244028207,0.992696379601292,0.992702076992527
712,0.9999187960685173,0.9931361443182445,0.9931316699609969
713,0.9999271279927354,0.9932920965481116,0.9932931869147881
714,0.9999279801421753,0.9932185222508516,0.9931937101471515
715,0.9999207487183288,0.9931117464946508,0.9931406483919873
716,0.9999421978127974,0.9930237478319753,0.9929914862399895
717,0.9998980125802482,0.9918948168312753,0.9918610952310433
718,0.9999293695579403,0.9932079093184336,0.993198573721821
719,0.9999093317610926,0.9928788868948143,0.9928349304848879
720,0.9999240214120748,0.9929897435815276,0.9929606128204318
721,0.9999115091150823,0.991872455296882,0.9919395485778025
722,0.9999331868061115,0.9930770610022598,0.9930859033972496
723,0.9999009516643442,0.9925152922115841,0.9924775089887582
724,0.999913878964877,0.9931369994498629,0.9931285633501292
725,0.999895693215816,0.9933196420916949,0.993277633193852
726,0.9998569075618332,0.9886467119264616,0.988606214860957
727,0.9999175892953166,0.9927498823538787,0.9926894291273896
728,0.9999295344057342,0.9931103623327281,0.9930897621049602
729,0.9997863379888977,0.9920169534560819,0.9918796660951159
730,0.9999125675814157,0.9924395221751101,0.9924062548238923
731,0.9999025932996424,0.9929430437243387,0.9929150813413405
732,0.999924825968756,0.9930607418934375,0.9930484517368758
733,0.9999329698894974,0.9930970108835145,0.9930765416331189
734,0.9999263159647639,0.9929862467134262,0.9929671178756789
735,0.9999217725920866,0.9933402768014086,0.9933182391526728
736,0.999918204841985,0.9929124869053251,0.9929009015652996
737,0.999924227432738,0.993189660715314,0.9931567472050802
738,0.9999099023686744,0.9927879631784142,0.9927376949700597
739,0.999900650822355,0.9925659574693814,0.9925413654662155
740,0.9999102095736673,0.9920555878109407,0.9920574866441683
741,0.9999023670247273,0.9923554798856818,0.9923108230448828
742,0.9999246938362665,0.9930569656623406,0.9930248314158956
743,0.9999297422625986,0.9930521620562786,0.9930392600099376
744,0.9999108411270283,0.9931824672977826,0.9931489686815507
745,0.9998962399985677,0.9919869072420446,0.9920035367911931
746,0.9999215424859916,0.9929727412818422,0.9929712627310018
747,0.9999199366915269,0.9929550653371811,0.9929265949536014
748,0.999905311757064,0.993240548290671,0.9931562345552047
749,0.999922744118451,0.9929643786672574,0.9929545130842296
750,0.999926540923864,0.9931442696555973,0.9931388119410643
751,0.9998806031972999,0.9923848213397143,0.9922789662111756
752,0.9999247146355904,0.9932976322824612,0.9932874468310997
753,0.999908876236074,0.9923682564485963,0.9923192603144688
754,0.9999088103409219,0.9928428531723156,0.9928039092123523
755,0.9999241934904053,0.9927538681362418,0.9927316325798764
756,0.9999202388339868,0.9929693578986183,0.9929554834751915
757,0.9998708275731258,0.9928469680428115,0.9926555661351182
758,0.9998580973652249,0.9919721599326403,0.99197967741038
759,0.9999351616569572,0.9931220643341272,0.9931366934109727
760,0.9999056326346979,0.9929633747138892,0.992962997666654
761,0.9999340159425814,0.992894756570028,0.9928657133424205
762,0.9999156725459329,0.9930371151281815,0.9929943599581867
763,0.9999289422782693,0.9927358280277637,0.9927116710859947
764,0.9999159929144574,0.9931657831696771,0.993130383226034
765,0.9999310692286514,0.9928390558555432,0.992828788232335
766,0.9998960652350535,0.9929209876360398,0.9928562581007405
767,0.9999339178840632,0.9928745086690486,0.992871003664188
768,0.9999319482401346,0.9933389097257092,0.9933015717562016
769,0.9999275192692534,0.9931190110755934,0.9931105157421989
770,0.9999241349517368,0.9931515552006039,0.9931572995119127
771,0.9999359929239612,0.9928315836098337,0.9928500564784227
772,0.9999062566121003,0.9928882077367487,0.9928824471612488
773,0.9999035811365093,0.9932419052247587,0.9931990692188754
774,0.9999279424031245,0.9931358943957531,0.9931101380644376
775,0.9999413310391998,0.9928967323587415,0.9928671912292887
776,0.9999151831131504,0.9931001145347972,0.9930802201588156
777,0.9999090180347148,0.9930276349795902,0.9929865073053136
778,0.9999255683784248,0.9930561980173482,0.9930346681238362
779,0.9998560585929571,0.9918248129111099,0.9918185060033596
780,0.99993354711238,0.9933954600760585,0.9933446075367516
781,0.9999249079736446,0.9934870438433059,0.9934740194075179
782,0.9999250057481613,0.9930860190077868,0.9930681910590404
783,0.9999316262641602,0.9929944170554873,0.9930263911706955
784,0.9999173670634465,0.9929535053603331,0.9929550872924602
785,0.9999009888162191,0.9927446936264577,0.9926594117385324
786,0.9999321605157175,0.99294481552264,0.9929380910365672
787,0.9999152554058319,0.9929589271706157,0.9929469674746055
788,0.999926486668571,0.9929547807009381,0.9929231801220605
789,0.9998861527240873,0.9928741416822364,0.9928076096320883
790,0.999775316416864,0.9908016795169432,0.9907605336780136
791,0.9998777864576929,0.9921169980637036,0.9920532614415728
792,0.9999346108519606,0.9931113238209074,0.9931125115112492
793,0.999912010462278,0.9929744168501915,0.9929495160625488
794,0.99990673271064,0.9929693236269952,0.9928747854328994
795,0.9999338554437397,0.9928905355362525,0.992890904312834
796,0.9999149439633798,0.9926342335418998,0.9925932290339556
797,0.9999238038002765,0.9933468026635995,0.993357517576675
798,0.9999270463784106,0.993037873726618,0.9930607647671171
799,0.999928877585688,0.9933774148830582,0.9933713609280169
800,0.9999133447385361,0.993372762736701,0.9933289648732423
801,0.9999280554118705,0.9931230007976419,0.993129784846055
802,0.9999165988428893,0.9931891543754471,0.9931803703982403
803,0.9999316163731912,0.9932848175989751,0.9932783433092295
804,0.9998699951293003,0.9930584443705455,0.9930961342296158
805,0.9999248437629057,0.9931363427363622,0.993113175040222
806,0.9999202479189723,0.9930773173132187,0.9930922802987251
807,0.9999238090821909,0.9930750808188793,0.9930627813942547
808,0.9999286752476984,0.9929478885384295,0.99294349287821
809,0.9999272666233249,0.9930694317264778,0.9930472941191811
810,0.9995131586306458,0.9886957754785264,0.9888783468231807
811,0.9999375003501128,0.9928806061996517,0.9928782979684607
812,0.9999131646132046,0.9927626747463677,0.9927596398980689
813,0.9999271633302903,0.9929975187177418,0.9929779125703021
814,0.9999289789611208,0.9927929378775883,0.9927845890712117
815,0.9999288904687249,0.9930682364925366,0.9930890252929262
816,0.9999181841005311,0.9933195495606654,0.9933088780516466
817,0.9999250520262164,0.9928433592449594,0.9928674079193591
818,0.9999010246286125,0.9930254109971265,0.9930061527376152
819,0.9999274134370529,0.9930600050558552,0.9930294601870788
820,0.999932525667068,0.992964227342389,0.9929789453939938
821,0.9999206232674936,0.9928816887662489,0.992832872272185
822,0.9999128376888375,0.9931060433076391,0.9930492367829542
823,0.9999250255235156,0.9930148569643197,0.9929967752952684
824,0.9999408052116435,0.9932373718680232,0.9932053948677655
825,0.999884141494485,0.9929063004782824,0.9928517696200327
826,0.9999037984474943,0.9930613974341637,0.9929940449170747
827,0.9998673682930987,0.99198315469992,0.9920170570549052
828,0.9999218922632289,0.9931902392300692,0.9931736299620995
829,0.9998878842922195,0.9914798814400655,0.9914993063734171
830,0.9998797698996386,0.9925021798037594,0.9924241667718171
831,0.9999023196090397,0.9928773796547091,0.9928388200427666
832,0.9999054192211814,0.9928100735757751,0.9927452928384765
833,0.9999235605244373,0.9931408257066728,0.9931126379946459
834,0.9999092886737311,0.9930644662804112,0.9930175726084794
835,0.9998663751377699,0.9884597825122062,0.9886927347682246
836,0.9999302586330596,0.9924909151266493,0.9924945686643842
837,0.9999193061276226,0.9931359914174183,0.9931104421404596
838,0.9998643400028981,0.9918603430237318,0.991765110196734
839,0.999922758362657,0.9929220403057061,0.9929459369045966
840,0.9999065618632047,0.992956357634812,0.992900219994443
841,0.9999048020609987,0.9929848474218153,0.9929851506910583
842,0.999893370736021,0.9927277406789489,0.9926570733043293
843,0.9999263768227123,0.9932676483076095,0.9932593918837936
844,0.9999301831456981,0.99300019152108,0.9930083341531727
845,0.99992547411528,0.9932601323556591,0.993249613422331
846,0.9998608247452365,0.9920995370961555,0.9919747119658104
847,0.9999244351446774,0.9931494655435156,0.9931137257553575
848,0.9999067696808127,0.9927915825115569,0.9927287065956638
849,0.999927200264365,0.993325264619674,0.9933168823053428
850,0.9999294293160473,0.9932145894628328,0.9932085002110416
851,0.9999305169713493,0.9928929969785797,0.9928898355979816
852,0.9998963041735278,0.9928524604141636,0.9927586544499666
853,0.9998696367269904,0.9930294720429123,0.9928944839979035
854,0.9999117077419116,0.9925387231109102,0.9924875550067396
855,0.9999261532662647,0.9933493598641954,0.9933566766271669
856,0.9999128775043965,0.9925813033509343,0.9925676314325744
857,0.9999043705863911,0.9923988395291241,0.9923645571097407
858,0.999924153534625,0.9930785625681569,0.9930346027395202
859,0.9999235951461899,0.9931199907380288,0.9930885911224999
860,0.9999155283120016,0.9927769742291869,0.9927510108863025
861,0.9998732082081786,0.9914481087792156,0.9912882002933107
862,0.9999232282326063,0.9930373022453247,0.9930354735276281
863,0.9999042642549738,0.992959090226478,0.9928900279627757
864,0.9999218382589101,0.9930538932333477,0.9930273970996426
865,0.9999227675679601,0.9929497374499109,0.9929513313258432
866,0.9999092451853893,0.9929243284857565,0.9928835900555391
867,0.9999032383937682,0.9928037524521185,0.9927552500293071
868,0.9999035652359376,0.9931161579770468,0.993078784627547
869,0.9999288680884483,0.9930178691780026,0.9929872473960457
870,0.9999048049303099,0.9927199985587672,0.9926911492441368
871,0.9999345133704041,0.9930355606721515,0.9930312771292199
872,0.9999189925972889,0.993126438514752,0.9930944428142742
873,0.999914586224479,0.9929284000708305,0.9929558739802582
874,0.9999319967544544,0.9931823621946645,0.9931511648940958
875,0.9999108343601005,0.9929664748141339,0.9929333614459489
876,0.9999265058377713,0.9934801659437169,0.9934850812383977
877,0.9998866759282519,0.9930363964990557,0.9929919881732766
878,0.9999323583690594,0.993058012862339,0.99303345478891
879,0.9998979894482463,0.9924111308451611,0.9924026961841336
880,0.9998859871342873,0.9919145093073913,0.9917680030177616
881,0.9999116874926567,0.9931665332603925,0.9931206661433374
882,0.9999059736566905,0.9929024484825515,0.9928936222371461
883,0.9999263282749342,0.993068799547764,0.993097850746811
884,0.9998936488644832,0.9931430549103174,0.9930936562598761
885,0.9999301750355536,0.9932210233605326,0.9931938819507384
886,0.9999266973734229,0.9932767316609362,0.9932792329464777
887,0.9999076070752919,0.993048917491057,0.9930141410839575
888,0.9999180502121366,0.992979162827811,0.9929497214008811
889,0.9999269157582239,0.992668514284122,0.99260458598441
890,0.9999376324340477,0.9929624120782664,0.9929327700161161
891,0.9999183798123119,0.9928523742202772,0.9928039866990599
892,0.9999376140061084,0.993077682026301,0.9930702024497567
893,0.9999159999060764,0.9933979706815319,0.993373449791749
894,0.9998799599844038,0.99078283948896,0.9907281399832245
895,0.9999275809336853,0.9930973540221317,0.9930622143361404
896,0.9999017462264128,0.9908988643234254,0.9908648829454975
897,0.999932254117585,0.9931813792821187,0.993162719569174
898,0.9999131018867384,0.9929330789488265,0.9929483497067979
899,0.9999301243244492,0.9929546726190995,0.9929629845370499
900,0.9998485826693478,0.9913438060283032,0.9913319810776968
901,0.9999317481322852,0.9930745535390965,0.9930662746952469
902,0.9999185186047898,0.9934424806639562,0.9934009232270518
903,0.9999321689861732,0.9927564855960707,0.9927205165920695
904,0.9999300231631602,0.9930313609980282,0.9930325772564568
905,0.9999327306254057,0.9931131658666429,0.9931197392659111
906,0.9999270899168746,0.9930975744820405,0.9931274413166864
907,0.9999244193183533,0.9930816561482221,0.9930869701274548
908,0.9999375608013097,0.9929700692116495,0.9929887461396281
909,0.9999364222514819,0.9932109689062215,0.9932048758478904
910,0.9999224439196588,0.9932069501395274,0.9932082581122758
911,0.9999361447305363,0.9926833099383467,0.9926493345041205
912,0.9999114697204898,0.9931841592829741,0.9931855506686873
913,0.9999212561154974,0.9933686533168842,0.9933650620069617
914,0.9999215590588522,0.9928790598677898,0.9928276811677728
915,0.9999233081727459,0.9930178100136839,0.9929675799632788
916,0.9999094278811035,0.9930547198710232,0.9930443192301588
917,0.999914197443842,0.9928197630374674,0.9928069725236847
918,0.9999252361717155,0.9931922952273539,0.9931788436743039
919,0.9999010416261115,0.9927358402273253,0.9927262624169093
920,0.9999014618121964,0.9924345586874871,0.9924369039224207
921,0.9998877532116207,0.9930779454816717,0.9930366548678915
922,0.9999264349553624,0.9930266876268982,0.993017979693609
923,0.9999105473691398,0.9921791101844387,0.9921005978891786
924,0.9999152701130143,0.9924654043273579,0.9924235948948306
925,0.999927812362503,0.9933090792726124,0.9932790317551172
926,0.9999207529225964,0.9930653125738542,0.993058736871857
927,0.9998810510979825,0.9911844220580095,0.9913137448260336
928,0.999910071050716,0.9930980294217525,0.9930531986484282
929,0.999917871163571,0.9931072533099063,0.9930693769598149
930,0.9999279852284376,0.9928724470185601,0.9928611195730915
931,0.9999265857473794,0.9924001903382093,0.9923513791913309
932,0.9998973208702133,0.9925490488849585,0.9925054144132203
933,0.9999265991720563,0.9929488074117206,0.9929713667604145
934,0.9999063355781723,0.993304234244675,0.9932726363307888
935,0.9999222822046087,0.9931040237611183,0.9931084202274484
936,0.9999053821383342,0.9924469024251339,0.9924492846174318
937,0.9999167820202993,0.9933018789574848,0.9932817142910517
938,0.9998910314344631,0.989949619932275,0.9900503712152395
939,0.999917592236691,0.993128051266256,0.9931204770515073
940,0.9998624601700572,0.9900002719274514,0.9899335792032721
941,0.9999092479942303,0.9928319794956675,0.9928304911745537
942,0.9999242122349958,0.9929892228098537,0.9929541424958565
943,0.9999245944754128,0.9925934497271613,0.9925431741286943
944,0.9999298362846415,0.9930108940109335,0.9930017247966211
945,0.9999288130981887,0.9930160682227238,0.9929974186611347
946,0.9998596172115716,0.992125648071869,0.9920425059137585
947,0.9999033544224565,0.9927613581836819,0.99269444573148
948,0.999911555445401,0.9926398336580675,0.9925476347222487
949,0.9999330373657876,0.9930413195138492,0.9930249993401519
950,0.9999347922820703,0.9928845602209703,0.9929007659477026
951,0.9999302277554839,0.993020041331526,0.9930065186485169
952,0.99993045426959,0.9931571526052696,0.9931464649257913
953,0.9999273774239145,0.9928306473222613,0.9928214926002243
954,0.9999397065383807,0.9927892449547295,0.9927760396753128
955,0.9999306607828591,0.9929630334148893,0.9929306305553781
956,0.9999252945705639,0.9929434009275626,0.9929625310552794
957,0.9999010497893632,0.9929614689662789,0.9929587652083823
958,0.9999444195079319,0.9927582441933721,0.9927453459763663
959,0.999900675509692,0.9925175316997173,0.9924944746071803
960,0.9999006310751104,0.9929235738481422,0.9928464003176719
961,0.9999097002298142,0.9929470757055273,0.9929273875518112
962,0.99989714893077,0.9926037370980723,0.9925621589757253
963,0.9998839898511609,0.9928635395709615,0.9927698569619979
964,0.9999131528264327,0.9930677087864568,0.9930256607564154
965,0.9999048086471566,0.9929026353475715,0.9928338697439091
966,0.999913283158659,0.9924764085439465,0.9924085590405501
967,0.9999236879982258,0.9930047545749222,0.9930011862135671
968,0.9999249385966723,0.9930960658690794,0.9930846832193696
969,0.9999260110533112,0.9931681127347576,0.9931459427913911
970,0.9999174505013779,0.9929911348528995,0.9929805019453644
971,0.9999225845132858,0.9931118312286522,0.993107026957911
972,0.9998994323914879,0.9929240683169884,0.9928612752110809
973,0.9999258181720356,0.9930478473704035,0.9929847896877889
974,0.9999305248944931,0.993232531050401,0.9932096555094849
975,0.9999134452126971,0.992870112751286,0.9928710725371569
976,0.9999106282703617,0.9931832442299258,0.9931717707961786
977,0.9998876307217293,0.9922255763456213,0.992084815214327
978,0.9999214608697753,0.9931457620145911,0.9930976908809008
979,0.9999061394073552,0.993171827975861,0.9930786059458996
980,0.9999303828527698,0.9930433017538361,0.9930240834071945
981,0.9998264759292471,0.9885242976492596,0.988402261232123
982,0.9999186196033104,0.993439401333937,0.9934234993802963
983,0.9999227674298893,0.9932107925360278,0.9931868159489325
984,0.9998954575911718,0.9927692290392538,0.9927821830002976
985,0.9999008637903253,0.9932026076568972,0.9931873615918585
986,0.9998965976193553,0.9911394659288789,0.9911431280000729
987,0.9999207943222089,0.993383685805275,0.993365532074194
988,0.9999214607045607,0.9926823455071349,0.9926646397231833
989,0.9999167111619841,0.9933533513655435,0.993312647702964
990,0.9999148995377999,0.9929520457218073,0.9929827974441823
991,0.9999207679369911,0.9931523593996407,0.9931332847293317
992,0.9999297559266743,0.9932045886020585,0.993220758789559
993,0.999927504411038,0.9930252288942489,0.9930240517233945
994,0.9999165361248604,0.9922181332870607,0.9921894741272569
995,0.9999329568850981,0.9932235071232011,0.9931911981793579
996,0.9999254097091991,0.9932010886771946,0.9931903483903625
997,0.9999003332172135,0.9930446132196429,0.9930940390699461
998,0.9999328835337284,0.9931504631430793,0.993138239405899
999,0.999903878129675,0.9928298453827437,0.9928032694109562
